ID,Project,CollectionID,WellCombo,PrimerPlate,Locus,ForwardPrimer,ReversePrimer,ForwardIndex,ReverseIndex,RevCompReverseIndex,WellRow,WellCol,SampleBarcode,CollectionLabel,SiteType,CollectionDate,SampleType,Habitat,Host,Trophic,Accessioned,PI,Metadata,Lat,Long,Hibiscus,Elevation,FieldSite
101014,BOT662,WMEA_01181_Pl_6,A01,7,bacterial16S,bcode_515FB,bcode_806RB,TCAGTGAC,GACATGAG,CTCATGTC,A,1,1181,1,Core Waimea,1/31/18,Stem,Terrestrial,Plant,PrimaryProducer,Yes,Anthony,Hibiscus_tiliaceus__swab,21.640717,158.062517,T,0.203247105,s1
101016,BOT662,WMEA_01230_Pl_2,A03,7,bacterial16S,bcode_515FB,bcode_806RB,AGGAGTTG,GACATGAG,CTCATGTC,A,3,1230,50,Core Waimea,1/31/18,Root,Terrestrial,Plant,PrimaryProducer,Yes,Anthony,Hibiscus_tiliaceus__swab,21.630334,158.042707,T,55.44540607,s8
101019,BOT662,WMEA_01185_Pl_6,A06,7,bacterial16S,bcode_515FB,bcode_806RB,CATCCATC,GACATGAG,CTCATGTC,A,6,1185,5,Core Waimea,1/31/18,Soil,Terrestrial,Plant,PrimaryProducer,Yes,Anthony,Hibiscus_tiliaceus__swab,21.640717,158.062517,T,0.203247105,s1
101021,BOT662,WMEA_01234_Pl_2,A08,7,bacterial16S,bcode_515FB,bcode_806RB,GTAGAGCA,GACATGAG,CTCATGTC,A,8,1234,54,Core Waimea,1/31/18,Litter,Terrestrial,Plant,PrimaryProducer,Yes,Anthony,Hibiscus_tiliaceus__swab,21.630334,158.042707,T,55.44540607,s8
101025,BOT662,WMEA_01189_Pl_6,B01,7,bacterial16S,bcode_515FB,bcode_806RB,TCAGTGAC,GAAGCAAC,GTTGCTTC,B,1,1189,9,Core Waimea,1/31/18,Stem,Terrestrial,Plant,PrimaryProducer,Yes,Anthony,Hibiscus_tiliaceus__swab,21.640267,158.062683,T,1,s2
101026,BOT662,WMEA_01253_Pl_4,B02,7,bacterial16S,bcode_515FB,bcode_806RB,CCTATACC,GAAGCAAC,GTTGCTTC,B,2,1253,73,Core Waimea,1/31/18,Stem,Terrestrial,Plant,PrimaryProducer,Yes,Anthony,Hibiscus_tiliaceus__swab,21.620442,158.015624,T,184.8903225,s10
101027,BOT662,WMEA_01238_Pl_3,B03,7,bacterial16S,bcode_515FB,bcode_806RB,AGGAGTTG,GAAGCAAC,GTTGCTTC,B,3,1238,58,Core Waimea,1/31/18,Root,Terrestrial,Plant,PrimaryProducer,Yes,Anthony,Hibiscus_tiliaceus__swab,21.631059,158.047683,T,24.34183059,s7
101029,BOT662,WMEA_01211_Pl_5,B05,7,bacterial16S,bcode_515FB,bcode_806RB,AGTGGTCT,GAAGCAAC,GTTGCTTC,B,5,1211,31,Core Waimea,1/31/18,Leaf,Terrestrial,Plant,PrimaryProducer,Yes,Anthony,Hibiscus_tiliaceus__swab,21.637467,158.058267,T,2.802651008,s3
101030,BOT662,WMEA_01193_Pl_6,B06,7,bacterial16S,bcode_515FB,bcode_806RB,CATCCATC,GAAGCAAC,GTTGCTTC,B,6,1193,13,Core Waimea,1/31/18,Soil,Terrestrial,Plant,PrimaryProducer,Yes,Anthony,Hibiscus_tiliaceus__swab,21.640267,158.062683,T,1,s2
101031,BOT662,WMEA_01257_Pl_4,B07,7,bacterial16S,bcode_515FB,bcode_806RB,TCACAGAC,GAAGCAAC,GTTGCTTC,B,7,1257,77,Core Waimea,1/31/18,Soil,Terrestrial,Plant,PrimaryProducer,Yes,Anthony,Hibiscus_tiliaceus__swab,21.620442,158.015624,T,184.8903225,s10
101032,BOT662,WMEA_01242_Pl_3,B08,7,bacterial16S,bcode_515FB,bcode_806RB,GTAGAGCA,GAAGCAAC,GTTGCTTC,B,8,1242,62,Core Waimea,1/31/18,Litter,Terrestrial,Plant,PrimaryProducer,Yes,Anthony,Hibiscus_tiliaceus__swab,21.631059,158.047683,T,24.34183059,s7
101034,BOT662,WMEA_01208_Pl_5,B10,7,bacterial16S,bcode_515FB,bcode_806RB,AGCTAGGA,GAAGCAAC,GTTGCTTC,B,10,1208,28,Core Waimea,1/31/18,Petiole,Terrestrial,Plant,PrimaryProducer,Yes,Anthony,Hibiscus_tiliaceus__swab,21.637467,158.058267,T,2.802651008,s3
101037,BOT662,WMEA_01182_Pl_6,C02,7,bacterial16S,bcode_515FB,bcode_806RB,CCTATACC,GAACCTAC,GTAGGTTC,C,2,1182,2,Core Waimea,1/31/18,Root,Terrestrial,Plant,PrimaryProducer,Yes,Anthony,Hibiscus_tiliaceus__swab,21.640717,158.062517,T,0.203247105,s1
101039,BOT662,WMEA_01236_Pl_2,C04,7,bacterial16S,bcode_515FB,bcode_806RB,CCGGATAT,GAACCTAC,GTAGGTTC,C,4,1236,56,Core Waimea,1/31/18,Air,Terrestrial,Plant,PrimaryProducer,Yes,Anthony,Hibiscus_tiliaceus__swab,21.630334,158.042707,T,55.44540607,s8
101042,BOT662,WMEA_01186_Pl_6,C07,7,bacterial16S,bcode_515FB,bcode_806RB,TCACAGAC,GAACCTAC,GTAGGTTC,C,7,1186,6,Core Waimea,1/31/18,Litter,Terrestrial,Plant,PrimaryProducer,Yes,Anthony,Hibiscus_tiliaceus__swab,21.640717,158.062517,T,0.203247105,s1
101044,BOT662,WMEA_01231_Pl_2,C09,7,bacterial16S,bcode_515FB,bcode_806RB,CTTGGTTC,GAACCTAC,GTAGGTTC,C,9,1231,51,Core Waimea,1/31/18,Axil,Terrestrial,Plant,PrimaryProducer,Yes,Anthony,Hibiscus_tiliaceus__swab,21.630334,158.042707,T,55.44540607,s8
101047,BOT662,WMEA_01205_Pl_5,D01,7,bacterial16S,bcode_515FB,bcode_806RB,TCAGTGAC,AAGGTTGG,CCAACCTT,D,1,1205,25,Core Waimea,1/31/18,Stem,Terrestrial,Plant,PrimaryProducer,Yes,Anthony,Hibiscus_tiliaceus__swab,21.637467,158.058267,T,2.802651008,s3
101048,BOT662,WMEA_01190_Pl_6,D02,7,bacterial16S,bcode_515FB,bcode_806RB,CCTATACC,AAGGTTGG,CCAACCTT,D,2,1190,10,Core Waimea,1/31/18,Root,Terrestrial,Plant,PrimaryProducer,Yes,Anthony,Hibiscus_tiliaceus__swab,21.640267,158.062683,T,1,s2
101049,BOT662,WMEA_01254_Pl_4,D03,7,bacterial16S,bcode_515FB,bcode_806RB,AGGAGTTG,AAGGTTGG,CCAACCTT,D,3,1254,74,Core Waimea,1/31/18,Root,Terrestrial,Plant,PrimaryProducer,Yes,Anthony,Hibiscus_tiliaceus__swab,21.620442,158.015624,T,184.8903225,s10
101050,BOT662,WMEA_01244_Pl_3,D04,7,bacterial16S,bcode_515FB,bcode_806RB,CCGGATAT,AAGGTTGG,CCAACCTT,D,4,1244,64,Core Waimea,1/31/18,Air,Terrestrial,Plant,PrimaryProducer,Yes,Anthony,Hibiscus_tiliaceus__swab,21.631059,158.047683,T,24.34183059,s7
101052,BOT662,WMEA_01209_Pl_5,D06,7,bacterial16S,bcode_515FB,bcode_806RB,CATCCATC,AAGGTTGG,CCAACCTT,D,6,1209,29,Core Waimea,1/31/18,Soil,Terrestrial,Plant,PrimaryProducer,Yes,Anthony,Hibiscus_tiliaceus__swab,21.637467,158.058267,T,2.802651008,s3
101053,BOT662,WMEA_01194_Pl_6,D07,7,bacterial16S,bcode_515FB,bcode_806RB,TCACAGAC,AAGGTTGG,CCAACCTT,D,7,1194,14,Core Waimea,1/31/18,Litter,Terrestrial,Plant,PrimaryProducer,Yes,Anthony,Hibiscus_tiliaceus__swab,21.640267,158.062683,T,1,s2
101054,BOT662,WMEA_01258_Pl_4,D08,7,bacterial16S,bcode_515FB,bcode_806RB,GTAGAGCA,AAGGTTGG,CCAACCTT,D,8,1258,78,Core Waimea,1/31/18,Litter,Terrestrial,Plant,PrimaryProducer,Yes,Anthony,Hibiscus_tiliaceus__swab,21.620442,158.015624,T,184.8903225,s10
101055,BOT662,WMEA_01239_Pl_3,D09,7,bacterial16S,bcode_515FB,bcode_806RB,CTTGGTTC,AAGGTTGG,CCAACCTT,D,9,1239,59,Core Waimea,1/31/18,Axil,Terrestrial,Plant,PrimaryProducer,Yes,Anthony,Hibiscus_tiliaceus__swab,21.631059,158.047683,T,24.34183059,s7
101060,BOT662,WMEA_01188_Pl_6,E03,7,bacterial16S,bcode_515FB,bcode_806RB,AGGAGTTG,GAAGGTTG,CAACCTTC,E,3,1188,8,Core Waimea,1/31/18,Air,Terrestrial,Plant,PrimaryProducer,Yes,Anthony,Hibiscus_tiliaceus__swab,21.640717,158.062517,T,0.203247105,s1
101062,BOT662,WMEA_01235_Pl_2,E05,7,bacterial16S,bcode_515FB,bcode_806RB,AGTGGTCT,GAAGGTTG,CAACCTTC,E,5,1235,55,Core Waimea,1/31/18,Leaf,Terrestrial,Plant,PrimaryProducer,Yes,Anthony,Hibiscus_tiliaceus__swab,21.630334,158.042707,T,55.44540607,s8
101065,BOT662,WMEA_01183_Pl_6,E08,7,bacterial16S,bcode_515FB,bcode_806RB,GTAGAGCA,GAAGGTTG,CAACCTTC,E,8,1183,3,Core Waimea,1/31/18,Axil,Terrestrial,Plant,PrimaryProducer,Yes,Anthony,Hibiscus_tiliaceus__swab,21.640717,158.062517,T,0.203247105,s1
101067,BOT662,WMEA_01232_Pl_2,E10,7,bacterial16S,bcode_515FB,bcode_806RB,AGCTAGGA,GAAGGTTG,CAACCTTC,E,10,1232,52,Core Waimea,1/31/18,Petiole,Terrestrial,Plant,PrimaryProducer,Yes,Anthony,Hibiscus_tiliaceus__swab,21.630334,158.042707,T,55.44540607,s8
101069,BOT662,WMEA_01206_Pl_5,F02,7,bacterial16S,bcode_515FB,bcode_806RB,CCTATACC,CATCGAAC,GTTCGATG,F,2,1206,26,Core Waimea,1/31/18,Root,Terrestrial,Plant,PrimaryProducer,Yes,Anthony,Hibiscus_tiliaceus__swab,21.637467,158.058267,T,2.802651008,s3
101070,BOT662,WMEA_01196_Pl_6,F03,7,bacterial16S,bcode_515FB,bcode_806RB,AGGAGTTG,CATCGAAC,GTTCGATG,F,3,1196,16,Core Waimea,1/31/18,Air,Terrestrial,Plant,PrimaryProducer,Yes,Anthony,Hibiscus_tiliaceus__swab,21.640267,158.062683,T,1,s2
101071,BOT662,WMEA_01260_Pl_4,F04,7,bacterial16S,bcode_515FB,bcode_806RB,CCGGATAT,CATCGAAC,GTTCGATG,F,4,1260,80,Core Waimea,1/31/18,Air,Terrestrial,Plant,PrimaryProducer,Yes,Anthony,Hibiscus_tiliaceus__swab,21.620442,158.015624,T,184.8903225,s10
101072,BOT662,WMEA_01243_Pl_3,F05,7,bacterial16S,bcode_515FB,bcode_806RB,AGTGGTCT,CATCGAAC,GTTCGATG,F,5,1243,63,Core Waimea,1/31/18,Leaf,Terrestrial,Plant,PrimaryProducer,Yes,Anthony,Hibiscus_tiliaceus__swab,21.631059,158.047683,T,24.34183059,s7
101074,BOT662,WMEA_01210_Pl_5,F07,7,bacterial16S,bcode_515FB,bcode_806RB,TCACAGAC,CATCGAAC,GTTCGATG,F,7,1210,30,Core Waimea,1/31/18,Litter,Terrestrial,Plant,PrimaryProducer,Yes,Anthony,Hibiscus_tiliaceus__swab,21.637467,158.058267,T,2.802651008,s3
101075,BOT662,WMEA_01191_Pl_6,F08,7,bacterial16S,bcode_515FB,bcode_806RB,GTAGAGCA,CATCGAAC,GTTCGATG,F,8,1191,11,Core Waimea,1/31/18,Axil,Terrestrial,Plant,PrimaryProducer,Yes,Anthony,Hibiscus_tiliaceus__swab,21.640267,158.062683,T,1,s2
101076,BOT662,WMEA_01255_Pl_4,F09,7,bacterial16S,bcode_515FB,bcode_806RB,CTTGGTTC,CATCGAAC,GTTCGATG,F,9,1255,75,Core Waimea,1/31/18,Axil,Terrestrial,Plant,PrimaryProducer,Yes,Anthony,Hibiscus_tiliaceus__swab,21.620442,158.015624,T,184.8903225,s10
101077,BOT662,WMEA_01240_Pl_3,F10,7,bacterial16S,bcode_515FB,bcode_806RB,AGCTAGGA,CATCGAAC,GTTCGATG,F,10,1240,60,Core Waimea,1/31/18,Petiole,Terrestrial,Plant,PrimaryProducer,Yes,Anthony,Hibiscus_tiliaceus__swab,21.631059,158.047683,T,24.34183059,s7
101078,BOT662,WMEA_01229_Pl_2,G01,7,bacterial16S,bcode_515FB,bcode_806RB,TCAGTGAC,ACGATCCA,TGGATCGT,G,1,1229,49,Core Waimea,1/31/18,Stem,Terrestrial,Plant,PrimaryProducer,Yes,Anthony,Hibiscus_tiliaceus__swab,21.630334,158.042707,T,55.44540607,s8
101081,BOT662,WMEA_01187_Pl_6,G04,7,bacterial16S,bcode_515FB,bcode_806RB,CCGGATAT,ACGATCCA,TGGATCGT,G,4,1187,7,Core Waimea,1/31/18,Leaf,Terrestrial,Plant,PrimaryProducer,Yes,Anthony,Hibiscus_tiliaceus__swab,21.640717,158.062517,T,0.203247105,s1
101083,BOT662,WMEA_01233_Pl_2,G06,7,bacterial16S,bcode_515FB,bcode_806RB,CATCCATC,ACGATCCA,TGGATCGT,G,6,1233,53,Core Waimea,1/31/18,Soil,Terrestrial,Plant,PrimaryProducer,Yes,Anthony,Hibiscus_tiliaceus__swab,21.630334,158.042707,T,55.44540607,s8
101086,BOT662,WMEA_01184_Pl_6,G09,7,bacterial16S,bcode_515FB,bcode_806RB,CTTGGTTC,ACGATCCA,TGGATCGT,G,9,1184,4,Core Waimea,1/31/18,Petiole,Terrestrial,Plant,PrimaryProducer,Yes,Anthony,Hibiscus_tiliaceus__swab,21.640717,158.062517,T,0.203247105,s1
101088,BOT662,WMEA_01237_Pl_3,H01,7,bacterial16S,bcode_515FB,bcode_806RB,TCAGTGAC,CTACAGCA,TGCTGTAG,H,1,1237,57,Core Waimea,1/31/18,Stem,Terrestrial,Plant,PrimaryProducer,Yes,Anthony,Hibiscus_tiliaceus__swab,21.631059,158.047683,T,24.34183059,s7
101090,BOT662,WMEA_01212_Pl_5,H03,7,bacterial16S,bcode_515FB,bcode_806RB,AGGAGTTG,CTACAGCA,TGCTGTAG,H,3,1212,32,Core Waimea,1/31/18,Air,Terrestrial,Plant,PrimaryProducer,Yes,Anthony,Hibiscus_tiliaceus__swab,21.637467,158.058267,T,2.802651008,s3
101091,BOT662,WMEA_01195_Pl_6,H04,7,bacterial16S,bcode_515FB,bcode_806RB,CCGGATAT,CTACAGCA,TGCTGTAG,H,4,1195,15,Core Waimea,1/31/18,Leaf,Terrestrial,Plant,PrimaryProducer,Yes,Anthony,Hibiscus_tiliaceus__swab,21.640267,158.062683,T,1,s2
101092,BOT662,WMEA_01259_Pl_4,H05,7,bacterial16S,bcode_515FB,bcode_806RB,AGTGGTCT,CTACAGCA,TGCTGTAG,H,5,1259,79,Core Waimea,1/31/18,Leaf,Terrestrial,Plant,PrimaryProducer,Yes,Anthony,Hibiscus_tiliaceus__swab,21.620442,158.015624,T,184.8903225,s10
101093,BOT662,WMEA_01241_Pl_3,H06,7,bacterial16S,bcode_515FB,bcode_806RB,CATCCATC,CTACAGCA,TGCTGTAG,H,6,1241,61,Core Waimea,1/31/18,Soil,Terrestrial,Plant,PrimaryProducer,Yes,Anthony,Hibiscus_tiliaceus__swab,21.631059,158.047683,T,24.34183059,s7
101095,BOT662,WMEA_01207_Pl_5,H08,7,bacterial16S,bcode_515FB,bcode_806RB,GTAGAGCA,CTACAGCA,TGCTGTAG,H,8,1207,27,Core Waimea,1/31/18,Axil,Terrestrial,Plant,PrimaryProducer,Yes,Anthony,Hibiscus_tiliaceus__swab,21.637467,158.058267,T,2.802651008,s3
101096,BOT662,WMEA_01192_Pl_6,H09,7,bacterial16S,bcode_515FB,bcode_806RB,CTTGGTTC,CTACAGCA,TGCTGTAG,H,9,1192,12,Core Waimea,1/31/18,Petiole,Terrestrial,Plant,PrimaryProducer,Yes,Anthony,Hibiscus_tiliaceus__swab,21.640267,158.062683,T,1,s2
101097,BOT662,WMEA_01256_Pl_4,H10,7,bacterial16S,bcode_515FB,bcode_806RB,AGCTAGGA,CTACAGCA,TGCTGTAG,H,10,1256,76,Core Waimea,1/31/18,Petiole,Terrestrial,Plant,PrimaryProducer,Yes,Anthony,Hibiscus_tiliaceus__swab,21.620442,158.015624,T,184.8903225,s10